,0
0,https://www.theguardian.com/world/ukraine/2022/feb/23/all
1,https://www.theguardian.com/world/ukraine/2022/feb/24/altdate
2,https://www.theguardian.com/world/ukraine/2022/feb/25/altdate
3,https://www.theguardian.com/world/ukraine/2022/feb/26/altdate
4,https://www.theguardian.com/world/ukraine/2022/feb/27/altdate
5,https://www.theguardian.com/world/ukraine/2022/feb/28/altdate
6,https://www.theguardian.com/world/ukraine/2022/mar/01/altdate
7,https://www.theguardian.com/world/ukraine/2022/mar/02/altdate
8,https://www.theguardian.com/world/ukraine/2022/mar/03/altdate
9,https://www.theguardian.com/world/ukraine/2022/mar/04/altdate
10,https://www.theguardian.com/world/ukraine/2022/mar/05/altdate
11,https://www.theguardian.com/world/ukraine/2022/mar/06/altdate
12,https://www.theguardian.com/world/ukraine/2022/mar/07/altdate
13,https://www.theguardian.com/world/ukraine/2022/mar/08/altdate
14,https://www.theguardian.com/world/ukraine/2022/mar/09/altdate
15,https://www.theguardian.com/world/ukraine/2022/mar/10/altdate
16,https://www.theguardian.com/world/ukraine/2022/mar/11/altdate
17,https://www.theguardian.com/world/ukraine/2022/mar/12/altdate
18,https://www.theguardian.com/world/ukraine/2022/mar/13/altdate
19,https://www.theguardian.com/world/ukraine/2022/mar/14/altdate
20,https://www.theguardian.com/world/ukraine/2022/mar/15/altdate
21,https://www.theguardian.com/world/ukraine/2022/mar/16/altdate
22,https://www.theguardian.com/world/ukraine/2022/mar/17/altdate
23,https://www.theguardian.com/world/ukraine/2022/mar/18/altdate
24,https://www.theguardian.com/world/ukraine/2022/mar/19/altdate
25,https://www.theguardian.com/world/ukraine/2022/mar/20/altdate
26,https://www.theguardian.com/world/ukraine/2022/mar/21/altdate
27,https://www.theguardian.com/world/ukraine/2022/mar/22/altdate
28,https://www.theguardian.com/world/ukraine/2022/mar/23/altdate
29,https://www.theguardian.com/world/ukraine/2022/mar/24/altdate
30,https://www.theguardian.com/world/ukraine/2022/mar/25/altdate
31,https://www.theguardian.com/world/ukraine/2022/mar/26/altdate
32,https://www.theguardian.com/world/ukraine/2022/mar/27/altdate
33,https://www.theguardian.com/world/ukraine/2022/mar/28/altdate
34,https://www.theguardian.com/world/ukraine/2022/mar/29/altdate
35,https://www.theguardian.com/world/ukraine/2022/mar/30/altdate
36,https://www.theguardian.com/world/ukraine/2022/mar/31/altdate
37,https://www.theguardian.com/world/ukraine/2022/apr/01/altdate
38,https://www.theguardian.com/world/ukraine/2022/apr/02/altdate
39,https://www.theguardian.com/world/ukraine/2022/apr/03/altdate
40,https://www.theguardian.com/world/ukraine/2022/apr/04/altdate
41,https://www.theguardian.com/world/ukraine/2022/apr/05/altdate
42,https://www.theguardian.com/world/ukraine/2022/apr/06/altdate
43,https://www.theguardian.com/world/ukraine/2022/apr/07/altdate
44,https://www.theguardian.com/world/ukraine/2022/apr/08/altdate
45,https://www.theguardian.com/world/ukraine/2022/apr/09/altdate
46,https://www.theguardian.com/world/ukraine/2022/apr/10/altdate
47,https://www.theguardian.com/world/ukraine/2022/apr/11/altdate
48,https://www.theguardian.com/world/ukraine/2022/apr/12/altdate
49,https://www.theguardian.com/world/ukraine/2022/apr/13/altdate
50,https://www.theguardian.com/world/ukraine/2022/apr/14/altdate
51,https://www.theguardian.com/world/ukraine/2022/apr/15/altdate
52,https://www.theguardian.com/world/ukraine/2022/apr/16/altdate
53,https://www.theguardian.com/world/ukraine/2022/apr/17/altdate
54,https://www.theguardian.com/world/ukraine/2022/apr/18/altdate
55,https://www.theguardian.com/world/ukraine/2022/apr/19/altdate
56,https://www.theguardian.com/world/ukraine/2022/apr/20/altdate
57,https://www.theguardian.com/world/ukraine/2022/apr/21/altdate
58,https://www.theguardian.com/world/ukraine/2022/apr/22/altdate
59,https://www.theguardian.com/world/ukraine/2022/apr/23/altdate
60,https://www.theguardian.com/world/ukraine/2022/apr/24/altdate
61,https://www.theguardian.com/world/ukraine/2022/apr/25/altdate
62,https://www.theguardian.com/world/ukraine/2022/apr/26/altdate
63,https://www.theguardian.com/world/ukraine/2022/apr/27/altdate
64,https://www.theguardian.com/world/ukraine/2022/apr/28/altdate
65,https://www.theguardian.com/world/ukraine/2022/apr/29/altdate
66,https://www.theguardian.com/world/ukraine/2022/apr/30/altdate
67,https://www.theguardian.com/world/ukraine/2022/may/01/altdate
68,https://www.theguardian.com/world/ukraine/2022/may/02/altdate
69,https://www.theguardian.com/world/ukraine/2022/may/03/altdate
70,https://www.theguardian.com/world/ukraine/2022/may/04/altdate
71,https://www.theguardian.com/world/ukraine/2022/may/05/altdate
72,https://www.theguardian.com/world/ukraine/2022/may/06/altdate
73,https://www.theguardian.com/world/ukraine/2022/may/07/altdate
74,https://www.theguardian.com/world/ukraine/2022/may/08/altdate
75,https://www.theguardian.com/world/ukraine/2022/may/09/altdate
76,https://www.theguardian.com/world/ukraine/2022/may/10/altdate
77,https://www.theguardian.com/world/ukraine/2022/may/11/altdate
78,https://www.theguardian.com/world/ukraine/2022/may/12/altdate
79,https://www.theguardian.com/world/ukraine/2022/may/13/altdate
80,https://www.theguardian.com/world/ukraine/2022/may/14/altdate
81,https://www.theguardian.com/world/ukraine/2022/may/15/altdate
82,https://www.theguardian.com/world/ukraine/2022/may/16/altdate
83,https://www.theguardian.com/world/ukraine/2022/may/17/altdate
84,https://www.theguardian.com/world/ukraine/2022/may/18/altdate
85,https://www.theguardian.com/world/ukraine/2022/may/19/altdate
86,https://www.theguardian.com/world/ukraine/2022/may/20/altdate
87,https://www.theguardian.com/world/ukraine/2022/may/21/altdate
88,https://www.theguardian.com/world/ukraine/2022/may/22/altdate
89,https://www.theguardian.com/world/ukraine/2022/may/23/altdate
90,https://www.theguardian.com/world/ukraine/2022/may/24/altdate
91,https://www.theguardian.com/world/ukraine/2022/may/25/altdate
92,https://www.theguardian.com/world/ukraine/2022/may/26/altdate
93,https://www.theguardian.com/world/ukraine/2022/may/27/altdate
94,https://www.theguardian.com/world/ukraine/2022/may/28/altdate
95,https://www.theguardian.com/world/ukraine/2022/may/29/altdate
96,https://www.theguardian.com/world/ukraine/2022/may/30/altdate
97,https://www.theguardian.com/world/ukraine/2022/may/31/altdate
98,https://www.theguardian.com/world/ukraine/2022/jun/01/altdate
99,https://www.theguardian.com/world/ukraine/2022/jun/02/altdate
100,https://www.theguardian.com/world/ukraine/2022/jun/03/altdate
101,https://www.theguardian.com/world/ukraine/2022/jun/04/altdate
102,https://www.theguardian.com/world/ukraine/2022/jun/05/altdate
103,https://www.theguardian.com/world/ukraine/2022/jun/06/altdate
104,https://www.theguardian.com/world/ukraine/2022/jun/07/altdate
105,https://www.theguardian.com/world/ukraine/2022/jun/08/altdate
106,https://www.theguardian.com/world/ukraine/2022/jun/09/altdate
107,https://www.theguardian.com/world/ukraine/2022/jun/10/altdate
108,https://www.theguardian.com/world/ukraine/2022/jun/11/altdate
109,https://www.theguardian.com/world/ukraine/2022/jun/12/altdate
110,https://www.theguardian.com/world/ukraine/2022/jun/13/altdate
111,https://www.theguardian.com/world/ukraine/2022/jun/14/altdate
112,https://www.theguardian.com/world/ukraine/2022/jun/15/altdate
113,https://www.theguardian.com/world/ukraine/2022/jun/16/altdate
114,https://www.theguardian.com/world/ukraine/2022/jun/17/altdate
115,https://www.theguardian.com/world/ukraine/2022/jun/18/altdate
116,https://www.theguardian.com/world/ukraine/2022/jun/19/altdate
117,https://www.theguardian.com/world/ukraine/2022/jun/20/altdate
118,https://www.theguardian.com/world/ukraine/2022/jun/21/altdate
119,https://www.theguardian.com/world/ukraine/2022/jun/22/altdate
120,https://www.theguardian.com/world/ukraine/2022/jun/23/altdate
121,https://www.theguardian.com/world/ukraine/2022/jun/24/altdate
122,https://www.theguardian.com/world/ukraine/2022/jun/25/altdate
123,https://www.theguardian.com/world/ukraine/2022/jun/26/altdate
124,https://www.theguardian.com/world/ukraine/2022/jun/27/altdate
125,https://www.theguardian.com/world/ukraine/2022/jun/28/altdate
126,https://www.theguardian.com/world/ukraine/2022/jun/29/altdate
127,https://www.theguardian.com/world/ukraine/2022/jun/30/altdate
128,https://www.theguardian.com/world/ukraine/2022/jul/01/altdate
129,https://www.theguardian.com/world/ukraine/2022/jul/02/altdate
